diagnosis,diagnosis_code
COUGH,1
ESSENTIAL HTN,2
"ALLERGY, UNSPECIFIED",3
"PAIN, UNSPECIFIED",4
"FEVER, UNSPECIFIED",5
EXAMINATION AND OBSERVATION FOR UNSPECIFIED REASON,6
GASTRITIS AND DUODENITIS,7
LOW BACK PAIN,8
IRRITABLE BOWEL SYNDROME,9
DIZZINESS AND GIDDINESS,10
"INJURY, UNSPECIFIED",11
"SUDDEN CARDIAC DEATH, SO DESCRIBED",12
"ACUTE UPPER RESPIRATORY INFECTION, UNSPECIFIED",13
"ACUTE PAIN, NOT ELSEWHERE CLASSIFIED",14
OTHER AND UNSPECIFIED ABDOMINAL PAIN,15
"OTITIS MEDIA, UNSPECIFIED",16
"URINARY TRACT INFECTION, SITE NOT SPECIFIED",17
"ACUTE BRONCHIOLITIS, UNSPECIFIED",18
GASTROENTERITIS AND COLITIS OF UNSPECIFIED ORIGIN,19
ABDOMINAL AND PELVIC PAIN,20
"GASTRITIS, UNSPECIFIED",21
"PAIN IN A JOINT, ANKLE AND FOOT",22
LOSS OF CONSCIOUSNESS OF BRIEF DURATION [LESS THAN 30 MINUTES],23
"CUTANEOUS ABSCESS, FURUNCLE AND CARBUNCLE",24
ACUTE BRONCHIOLITIS,25
"CHEST PAIN, UNSPECIFIED",26
ACUTE GASTROENTEROPATHY DUE TO NORWALK AGENT,27
DYSURIA,28
GENERAL MEDICAL EXAMINATION,29
ACUTE TONSILLITIS DUE TO OTHER SPECIFIED ORGANISMS,30
PAIN LOCALISED TO UPPER ABDOMEN,31
CHEST PAIN ON BREATHING,32
ACUTE VAGINITIS,33
"EPILEPSY, UNSPECIFIED",34
DYSPNOEA,35
ECTOPIC PREGNANCY,36
MALAISE AND FATIGUE,37
HEADACHE,38
ASTHMA,39
PAIN IN THROAT,40
ROUTINE CHILD HEALTH EXAMINATION,41
"CONVULSIONS, NOT ELSEWHERE CLASSIFIED",42
"PAIN IN LIMB, SITE UNSPECIFIED",43
EXAMINATION OF EYES AND VISION,44
"PAIN IN A JOINT, PELVIC REGION AND THIGH",45
"ACUTE OTITIS EXTERNA, NONINFECTIVE",46
NAUSEA AND VOMITING,47
"PAIN IN A JOINT, HAND",48
"OTHER ABORTION, INCOMPLETE, WITHOUT COMPLICATION",49
DURATION OF PREGNANCY 14-19 COMPLETED WEEKS,50
"PAIN IN A JOINT, FOREARM",51
ABDOMINAL PREGNANCY,52
OTHER GENERAL EXAMINATIONS,53
OTHER SEPSIS,54
ACUTE CHOLECYSTITIS,55
SPRAIN AND STRAIN OF HIP,56
"ASTHMA, UNSPECIFIED",57
PAIN LOCALISED TO OTHER PARTS OF LOWER ABDOMEN,58
"SENSORINEURAL HEARING LOSS, BILATERAL",59
BURN OF ANKLE AND FOOT,60
PALSY OF CONJUGATE GAZE,61
HYPERTROPHY OF ADENOIDS,62
RHEUMATIC FEVER WITH HEART INVOLVEMENT,63
DEVIATED NASAL SEPTUM,64
ACIDOSIS,65
CARDIOMYOPATHY,66
SPRAIN AND STRAIN OF ANKLE,67
ATRIAL FIBRILLATION AND FLUTTER,68
"BRONCHITIS, NOT SPECIFIED AS ACUTE OR CHRONIC",69
ACUTE SINUSITIS,70
NASAL POLYP,71
HYPERTENSION,72
"RHEUMATISM, UNSPECIFIED",73
"HEARING LOSS, UNSPECIFIED",74
ACUTE TONSILLITIS,75
EPILEPSY,76
ACUTE NASOPHARYNGITIS [COMMON COLD],77
"CHOLECYSTITIS, UNSPECIFIED",78
FALL INVOLVING SLIDE,79
ACUTE ABDOMEN,80
INJURY OF UNSPECIFIED BODY REGION,81
"ARTHRITIS, UNSPECIFIED",82
"PAINFUL MICTURITION, UNSPECIFIED",83
OTHER OTITIS EXTERNA,84
FACIAL NERVE DISORDERS,85
ASSAULT BY BLUNT OBJECT,86
CHRONIC PAIN,87
STOMATITIS AND RELATED LESIONS,88
"ANAEMIA, UNSPECIFIED",89
"ACCIDENTAL POISONING BY AND EXPOSURE TO OTHER AND UNSPECIFIED DRUGS, MEDICAMENTS AND BIOLOGICAL SUBSTANCES, STREET AND HIGHWAY, WHILE RESTING, SLEEPING, EATING OR ENGAGING IN OTHER VITAL ACTIVITIES",90
HYPERPLASIA OF PROSTATE,91
GENERAL EXAMINATION AND INVESTIGATION OF PERSONS WITHOUT COMPLAINT OR REPORTED DIAGNOSIS,92
ACUTE PHARYNGITIS,93
FEBRILE CONVULSIONS,94
ANTENATAL SCREENING,95
ORCHITIS AND EPIDIDYMITIS,96
"PAIN IN A JOINT, MULTIPLE SITES",97
PAIN IN JOINT,98
PALLOR,99
OTALGIA,100
NEPHROTIC SYNDROME,101
BELLS PALSY,102
"DERMATITIS, UNSPECIFIED",103
CONSTIPATION,104
EXAMINATION AND OBSERVATION FOR OTHER REASONS,105
DURATION OF PREGNANCY 34-<37 COMPLETED WEEKS,106
SEPSIS OF NEWBORN DUE TO OTHER AND UNSPECIFIED STREPTOCOCCI,107
"CEREBROVASCULAR DISEASE, UNSPECIFIED",108
"PAIN IN A JOINT, LOWER LEG",109
FUNCTIONAL DYSPEPSIA,110
ROUTINE GENERAL HEALTH CHECK-UP OF INHABITANTS OF INSTITUTIONS,111
CHRONIC TUBOTYMPANIC SUPPURATIVE OTITIS MEDIA,112
ACUTE OBSTRUCTIVE LARYNGITIS [CROUP],113
PALPITATIONS,114
"PAIN IN A JOINT, SHOULDER REGION",115
PREGNANCY EXAMINATION AND TEST,116
OTHER GASTROENTERITIS AND COLITIS OF INFECTIOUS AND UNSPECIFIED ORIGIN,117
"ABNORMAL UTERINE AND VAGINAL BLEEDING, UNSPECIFIED",118
BENIGN PAROXYSMAL VERTIGO,119
UNSPECIFIED RENAL COLIC,120
"DEATH OCCURRING LESS THAN 24 HOURS FROM ONSET OF SYMPTOMS, NOT OTHERWISE EXPLAINED",121
LOIN PAIN/HAEMATURIA SYNDROME,122
ACUTE SEROUS OTITIS MEDIA,123
TOXIC GASTROENTERITIS AND COLITIS,124
"BACTERIAL SEPSIS OF NEWBORN, UNSPECIFIED",125
ARTHRITIS AND OSTEOARTHRITIS,126
FOREIGN BODY IN NOSTRIL,127
HERPESVIRAL GINGIVOSTOMATITIS AND PHARYNGOTONSILLITIS,128
VOMITING ASSOCIATED WITH OTHER PSYCHOLOGICAL DISTURBANCES,129
ACUTE LARYNGITIS,130
EXAMINATION AND OBSERVATION FOR OTHER SPECIFIED REASONS,131
"ACUTE TONSILLITIS, UNSPECIFIED",132
"BRONCHOPNEUMONIA, UNSPECIFIED",133
FAMILY HISTORY OF DIABETES MELLITUS,134
FEVER WITH CHILLS,135
RASH AND OTHER NONSPECIFIC SKIN ERUPTION,136
"CONJUNCTIVITIS, UNSPECIFIED",137
FOREIGN BODY IN EAR,138
"DYSMENORRHOEA, UNSPECIFIED",139
"CUTANEOUS ABSCESS, FURUNCLE AND CARBUNCLE OF BUTTOCK",140
SEQUELAE OF CERTAIN EARLY COMPLICATIONS OF TRAUMA,141
EPISTAXIS,142
CONJUNCTIVAL HAEMORRHAGE,143
OTHER CHEST PAIN,144
"PAIN, NOT ELSEWHERE CLASSIFIED",145
CONJUNCTIVITIS,146
FOREIGN BODY IN CORNEA,147
COMPLICATIONS OF OPEN WOUND,148
ACUTE ANAL FISSURE,149
PAIN IN THROAT AND CHEST,150
HYPEREMESIS GRAVIDARUM,151
ACUTE APPENDICITIS,152
"IRREGULAR MENSTRUATION, UNSPECIFIED",153
OTHER SPECIFIED IRREGULAR MENSTRUATION,154
HAEMATEMESIS,155
ACUTE PANCREATITIS,156
ABSCESS OF ANAL AND RECTAL REGIONS,157
"ACUTE PHARYNGITIS, UNSPECIFIED",158
OTHER GASTROENTERITIS AND COLITIS OF INFECTIOUS ORIGIN,159
ACUTE MYOCARDIAL INFARCTION,160
BURN BODY REGION UNSPECIFIED,161
BURN OF UNSPECIFIED THICKNESS OF WRIST AND HAND,162
UNSPECIFIED EARLY COMPLICATION OF TRAUMA,163
MISSED ABORTION,164
ALLERGIC URTICARIA,165
OTHER WAITING PERIOD FOR INVESTIGATION AND TREATMENT,166
"INSULIN-DEPENDENT DIABETES MELLITUS WITHOUT COMPLICATIONS, NOT STATED AS UNCONTROLLED",167
CALCULUS OF KIDNEY AND URETER,168
HERPESVIRAL KERATITIS AND KERATOCONJUNCTIVITIS (B00.5+),169
CHRONIC PROSTATITIS,170
CELLULITIS,171
"SPECIAL SCREENING EXAMINATION, UNSPECIFIED",172
OTHER MEDICAL CARE,173
GASTRO-OESOPHAGEAL REFLUX DISEASE,174
UNSPECIFIED CHRONIC BRONCHITIS,175
"CUTANEOUS ABSCESS, FURUNCLE AND CARBUNCLE OF LOWER LIMB",176
FEMALE INFERTILITY,177
"MEDICAL CARE, UNSPECIFIED",178
DURATION OF PREGNANCY 20-25 COMPLETED WEEKS,179
OTHER ACUTE ISCHAEMIC HEART DISEASES,180
SUPERVISION OF HIGH-RISK PREGNANCY,181
ACUTE UPPER RESPIRATORY INFECTIONS OF MULTIPLE AND UNSPECIFIED SITES,182
"AMENORRHOEA, UNSPECIFIED",183
TYPE 1 DIABETES MELLITUS WITH ACIDOSIS,184
CELLULITIS OF FOOT,185
"SOMATOFORM DISORDER, UNSPECIFIED",186
"IRON DEFICIENCY ANAEMIA, UNSPECIFIED",187
"INTERNAL DERANGEMENT OF KNEE, UNSPECIFIED",188
FRACTURE OF NECK OF OTHER METACARPAL BONE(S),189
FRACTURE OF OTHER FINGER,190
SUPRAVENTRICULAR TACHYCARDIA,191
"PINTA, UNSPECIFIED",192
"MALUNION OF FRACTURE, HAND",193
"DISORDER OF CORNEA, UNSPECIFIED",194
"BRUCELLOSIS, UNSPECIFIED",195
CALCULUS OF KIDNEY,196
PSORIASIS,197
CALCULUS OF URETER,198
"CUTANEOUS ABSCESS, FURUNCLE AND CARBUNCLE OF OTHER SITES",199
"PNEUMONIA, UNSPECIFIED",200
SENILE CATARACT,201
DIVERGENT CONCOMITANT STRABISMUS,202
ABNORMAL BOWEL SOUNDS,203
ULCERATIVE COLITIS,204
OTHER ALLERGIC RHINITIS,205
UNSPECIFIED ACTIVITY,206
OTHER ACUTE GASTRITIS,207
"DISORDER OF AMINO-ACID METABOLISM, UNSPECIFIED",208
"THROMBOCYTOPENIA, UNSPECIFIED",209
SYNCOPE AND COLLAPSE,210
CHOLECYSTITIS,211
ASSAULT BY AIR RIFLE DISCHARGE OTHER SPECIFIED PERSON,212
CONVALESCENCE,213
"ARTHROPATHY IN ULCERATIVE COLITIS, SITE UNSPECIFIED (K51.-+)",214
BRUCELLOSIS,215
"LOCALISED SWELLING, MASS AND LUMP, NECK",216
"URTICARIA, UNSPECIFIED",217
THREATENED ABORTION,218
MEDICAL OBSERVATION AND EVALUATION FOR SUSPECTED DISEASES AND CONDITIONS,219
BLEPHAROSPASM,220
OTHER CHRONIC THYROIDITIS,221
IMPACTED CERUMEN,222
SPRAIN AND STRAIN OF LUMBAR SPINE,223
"CUTANEOUS ABSCESS, FURUNCLE AND CARBUNCLE, UNSPECIFIED",224
OCULAR PAIN,225
"ALLERGIC RHINITIS, UNSPECIFIED",226
TINEA BARBAE AND TINEA CAPITIS,227
"CHRONIC GASTRITIS, UNSPECIFIED",228
OTHER SPECIFIED MEDICAL CARE,229
DENTAL CARIES,230
"NEONATAL JAUNDICE, UNSPECIFIED",231
"ABSCESS OF BURSA, PELVIC REGION AND THIGH",232
FRACTURE OF OTHER TOE,233
CONGENITAL STRICTURE OF URETHRAL MEATUS,234
TORSION OF TESTIS,235
OTHER EARLY COMPLICATIONS OF TRAUMA,236
CHRONIC HEART FAILURE,237
DISEASES OF BARTHOLINS GLAND,238
"STROKE, NOT SPECIFIED AS HAEMORRHAGE OR INFARCTION",239
ACUTE BRONCHITIS,240
ROUTINE AND RITUAL CIRCUMCISION,241
THYROIDITIS,242
IRON DEFICIENCY ANAEMIA,243
UNSPECIFIED HAEMATURIA,244
CHRONIC DISEASES OF TONSILS AND ADENOIDS,245
CHRONIC TONSILLITIS,246
OTHER HYPOGLYCAEMIA,247
RETENTION OF URINE,248
BENIGN NEOPLASM OF PROSTATE,249
FEVER OF OTHER AND UNKNOWN ORIGIN,250
PAIN IN LIMB,251
"PAIN IN A JOINT, OTHER SITE",252
VOMITING FOLLOWING GASTROINTESTINAL SURGERY,253
"COMPLICATION FOLLOWING ABORTION AND ECTOPIC AND MOLAR PREGNANCY, UNSPECIFIED",254
CARDIAC ARREST,255
PERSON AWAITING ADMISSION TO  ACUTE HOSPITAL,256
ABNORMAL RESULTS OF LIVER FUNCTION STUDIES,257
ISCHAEMIC CARDIOMYOPATHY,258
CHRONIC ISCHAEMIC HEART DISEASE,259
ACUTE LYMPHADENITIS,260
TUBERCULOSIS OF OTHER ORGANS,261
INSECT BITE OF WRIST AND HAND,262
LABORATORY EXAMINATION,263
"BACTERIAL PNEUMONIA, UNSPECIFIED",264
"UPPER RESPIRATORY TRACT HYPERSENSITIVITY REACTION, SITE UNSPECIFIED",265
"HYPERGLYCAEMIA, UNSPECIFIED",266
UNSPECIFIED INJURY OF LOWER LEG,267
"ACUTE CONJUNCTIVITIS, UNSPECIFIED",268
PAIN ASSOCIATED WITH MICTURITION,269
"DISEASE OF UPPER RESPIRATORY TRACT, UNSPECIFIED",270
"MIGRAINE, UNSPECIFIED",271
"PAIN IN LIMB, MULTIPLE SITES",272
FALLS,273
OTHER ANXIETY DISORDERS,274
PULMONARY OEDEMA,275
CARDIAC ARREST WITH SUCCESSFUL RESUSCITATION,276
"RESPIRATORY DISORDER, UNSPECIFIED",277
"MUSCLE STRAIN, ANKLE AND FOOT",278
"MULTIPLE DELIVERY, ALL BY CAESAREAN SECTION",279
OTHER AND UNSPECIFIED CONVULSIONS,280
"INJURY OF EYE AND ORBIT, UNSPECIFIED",281
FRACTURE OF LOWER END OF RADIUS,282
CELLULITIS OF FINGER AND TOE,283
INSECT BITE OF SHOULDER AND UPPER ARM,284
POISONING BY AGENTS PRIMARILY ACTING ON SMOOTH AND SKELETAL MUSCLES AND THE RESPIRATORY SYSTEM,285
CONGESTIVE HEART FAILURE,286
PAIN AND OTHER CONDITIONS ASSOCIATED WITH FEMALE GENITAL ORGANS AND MENSTRUAL CYCLE,287
INGUINAL HERNIA,288
ACCESSORY CARPAL BONES,289
"CHRONIC KIDNEY DISEASE, UNSPECIFIED",290
"PEPTIC ULCER, SITE UNSPECIFIED",291
MALE INFERTILITY,292
UNSPECIFIED URINARY INCONTINENCE,293
FULL THICKNESS BURN OF GENITALIA [EXTERNAL],294
"SUPERVISION OF NORMAL PREGNANCY, UNSPECIFIED",295
MEASLES,296
APPENDICULAR CONCRETIONS,297
"PAIN IN LIMB, SHOULDER REGION",298
"OTHER SUDDEN DEATH, CAUSE UNKNOWN",299
"INSULIN-DEPENDENT DIABETES MELLITUS WITH MULTIPLE COMPLICATIONS, NOT STATED AS UNCONTROLLED",300
"ACUTE MYOCARDIAL INFARCTION, UNSPECIFIED",301
ANAEMIA DUE TO GLUCOSE-6-PHOSPHATE DEHYDROGENASE [G6PD] DEFICIENCY,302
DURATION OF PREGNANCY,303
"OTHER PNEUMONIA, ORGANISM UNSPECIFIED",304
DIABETIC RETINOPATHY,305
MIXED SPECIFIC DEVELOPMENTAL DISORDERS,306
OTHER DISORDERS OF EYELID,307
CHRONIC CONJUNCTIVITIS,308
UNSPECIFIED INJURY OF ANKLE AND FOOT,309
HYPERTROPHY OF TONSILS,310
"PNEUMONIA, ORGANISM UNSPECIFIED",311
"DISEASE OF JAWS, UNSPECIFIED",312
CHRONIC MAXILLARY SINUSITIS,313
CONVULSIONS OF NEWBORN,314
"DISLOCATION OF SHOULDER, UNSPECIFIED",315
OTHER ABDOMINAL HERNIA,316
PILONIDAL CYST,317
"SEPSIS, UNSPECIFIED",318
ACNE,319
"POISONING BY AND EXPOSURE TO NONOPIOID ANALGESICS, ANTIPYRETICS AND ANTIRHEUMATICS, UNDETERMINED INTENT, UNSPECIFIED PLACE, WHILE RESTING, SLEEPING, EATING OR ENGAGING IN OTHER VITAL ACTIVITIES",320
"CHRONIC KIDNEY DISEASE, STAGE 5",321
ACUTE SUPPURATIVE OTITIS MEDIA,322
"PAIN IN LIMB, OTHER SITE",323
ANAL FISTULA,324
DIABETES INSIPIDUS,325
ACCIDENTAL POISONING BY AND EXPOSURE TO ALCOHOL,326
"LOCALISED SWELLING, MASS AND LUMP, UNSPECIFIED",327
"ABSCESS OF BURSA, HAND",328
"PAIN IN A JOINT, UPPER ARM",329
TYPE 2 DIABETES MELLITUS WITH POOR CONTROL,330
"HYPOGLYCAEMIA, UNSPECIFIED",331
FULL THICKNESS BURN OF WRIST AND HAND,332
"DISSOCIATIVE [CONVERSION] DISORDER, UNSPECIFIED",333
TYPE 2 DIABETES MELLITUS,334
VOMITING IN NEWBORN,335
SECONDARY HYPERTENSION,336
DIAPER [NAPKIN] DERMATITIS,337
ALLERGIC CONTACT DERMATITIS,338
ESSENTIAL (PRIMARY) HYPERTENSION,339
"HEART DISEASE, UNSPECIFIED",340
ABNORMAL WEIGHT LOSS,341
"VOMITING IN PREGNANCY, NOT ELSEWHERE CLASSIFIED",342
UNATTENDED DEATH,343
"HYDROCELE, UNSPECIFIED",344
"FOREIGN BODY IN ALIMENTARY TRACT, PART UNSPECIFIED",345
RESPIRATORY DISORDERS IN OTHER DISEASES CLASSIFIED ELSEWHERE,346
TINEA PEDIS,347
ABSENCE AND AGENESIS OF LACRIMAL APPARATUS,348
"NEPHROTIC SYNDROME, OTHER",349
"ABSCESS OF BURSA, MULTIPLE SITES",350
PAIN IN THORACIC SPINE,351
ZOSTER [HERPES ZOSTER],352
FOREIGN BODY IN PHARYNX,353
OTHER GASTRITIS,354
"CEREBRAL PALSY, UNSPECIFIED",355
ANAL ABSCESS,356
FOREIGN BODY IN OESOPHAGUS,357
URTICARIA,358
OTITIS EXTERNA,359
FOLLOW-UP EXAMINATION AFTER TREATMENT FOR CONDITIONS OTHER THAN MALIGNANT NEOPLASMS,360
"FASCIITIS, NOT ELSEWHERE CLASSIFIED",361
PRESENCE OF CORONARY ANGIOPLASTY IMPLANT AND GRAFT,362
ATYPICAL FACIAL PAIN,363
CRUSHING INJURY OF OTHER AND UNSPECIFIED PARTS OF WRIST AND HAND,364
"MUSCLE STRAIN, FOREARM",365
ABNORMAL FINDINGS ON DIAGNOSTIC IMAGING OF URINARY ORGANS,366
"BURN OF UNSPECIFIED BODY REGION, UNSPECIFIED THICKNESS",367
PRESENCE OF OTHER HEART-VALVE REPLACEMENT,368
,369
OTHER SPECIFIED DIABETES MELLITUS WITH ACIDOSIS,370
URETHRAL DISCHARGE,371
"HAEMORRHOIDS, UNSPECIFIED",372
"PREGNANCY-RELATED CONDITION, UNSPECIFIED",373
PROCREATIVE INVESTIGATION AND TESTING,374
EXAMINATION OF EARS AND HEARING,375
GANGLIONEUROMA,376
SPONTANEOUS ECCHYMOSES,377
UNSPECIFIED SUPERFICIAL INJURY OF UNSPECIFIED BODY REGION,378
PRIMARY DYSMENORRHOEA,379
"PAIN IN A JOINT, SITE UNSPECIFIED",380
SICKLE-CELL ANAEMIA WITHOUT CRISIS,381
"RADICULOPATHY, LUMBOSACRAL REGION",382
ANAL PROLAPSE,383
CERVICAL DISC DISORDER WITH MYELOPATHY,384
SEBACEOUS ADENOMA,385
IDIOPATHIC THROMBOCYTOPENIC PURPURA,386
FRACTURE OF LOWER END OF TIBIA,387
SICKLE-CELL ANAEMIA WITH CRISIS,388
UNSPECIFIED DIABETES MELLITUS WITHOUT COMPLICATION,389
"PAIN IN LIMB, HAND",390
"HEPATIC FAILURE, NOT ELSEWHERE CLASSIFIED",391
"ANAL FISSURE, UNSPECIFIED",392
ASTIGMATISM,393
PACINIAN TUMOUR,394
HYPERMETROPIA,395
CONTACT WITH SCORPIONS,396
"MUSCLE STRAIN, SHOULDER REGION",397
IDIOPATHIC THROMBOCYTHAEMIA (D47.3),398
ABSCESS OF BURSA,399
INFLAMMATORY DISORDERS OF SCROTUM,400
CANDIDAL STOMATITIS,401
"POISONING BY AND EXPOSURE TO ORGANIC SOLVENTS AND HALOGENATED HYDROCARBONS AND THEIR VAPOURS, UNDETERMINED INTENT",402
EXAMINATION FOR NORMAL COMPARISON AND CONTROL IN CLINICAL RESEARCH PROGRAMME,403
FEMALE INFERTILITY OF OTHER ORIGIN,404
FRACTURE OF NASAL BONES,405
GONOCOCCAL INFECTION,406
HYDROCELE AND SPERMATOCELE,407
IMPOTENCE OF ORGANIC ORIGIN,408
BURN OF HEAD AND NECK,409
BURN OF WRIST AND HAND,410
ONYCHOGRYPHOSIS,411
CYSTIC DISEASE OF LIVER,412
FOREIGN BODY OR OBJECT ENTERING THROUGH SKIN,413
OSTEOMYELITIS,414
"LYMPHOEDEMA, NOT ELSEWHERE CLASSIFIED",415
EAR PIERCING,416
"SPLENOMEGALY, NOT ELSEWHERE CLASSIFIED",417
NONTOXIC DIFFUSE GOITRE,418
INJURY OF UNSPECIFIED MUSCLE AND TENDON AT LOWER LEG LEVEL,419
"NEPHROTIC SYNDROME, UNSPECIFIED",420
"PAIN IN LIMB, LOWER LEG",421
DYSPHAGIA,422
OTHER DISORDERS OF PERIPHERAL NERVOUS SYSTEM,423
INJURY OF MUSCLES AND TENDONS OF UNSPECIFIED BODY REGION,424
NONINFECTIVE DISORDERS OF PINNA,425
"ISCHAEMIC INFARCTION OF MUSCLE, ANKLE AND FOOT",426
FOLLOW-UP EXAMINATION AFTER UNSPECIFIED TREATMENT FOR OTHER CONDITIONS,427
ARTERIOVENOUS MALFORMATION OF CEREBRAL VESSELS,428
"ABNORMAL FINDING OF BLOOD CHEMISTRY, UNSPECIFIED",429
OTHER PERFORATIONS OF TYMPANIC MEMBRANE,430
"POISONING BY ANTIEPILEPTIC, SEDATIVE-HYPNOTIC AND ANTIPARKINSONISM DRUGS",431
INGROWING NAIL,432
"DENTAL CARIES, UNSPECIFIED",433
"ACUTE SINUSITIS, UNSPECIFIED",434
ACUTE FRONTAL SINUSITIS,435
TINNITUS,436
CYANOTIC ATTACKS OF NEWBORN,437
BALANOPOSTHITIS,438
CYANOSIS,439
OPEN WOUND OF LIP AND ORAL CAVITY,440
"GENERAL PSYCHIATRIC EXAMINATION, NOT ELSEWHERE CLASSIFIED",441
"PERSON INJURED IN UNSPECIFIED MOTOR-VEHICLE ACCIDENT, TRAFFIC",442
VARICOSE VEINS OF OTHER SITES,443
"UNSTABLE HIP, BILATERAL",444
ABRASION OF ANKLE AND FOOT,445
CERVICAL DISC DISORDERS,446
SPRAIN AND STRAIN OF ELBOW,447
TYPE 1 DIABETES MELLITUS,448
"PAINTS AND DYES, NOT ELSEWHERE CLASSIFIED",449
GLAUCOMA,450
"HYPERLIPIDAEMIA, UNSPECIFIED",451
CHRONIC SINUSITIS,452
"AGENT PRIMARILY AFFECTING THE GASTROINTESTINAL SYSTEM, UNSPECIFIED",453
PELVIC AND PERINEAL PAIN,454
"BACTERIAL MENINGITIS, UNSPECIFIED",455
"DISEASE OF TONGUE, UNSPECIFIED",456
"STRABISMUS, UNSPECIFIED",457
SUDDEN IDIOPATHIC HEARING LOSS,458
DISEASES OF THE RESPIRATORY SYSTEM,459
"ANXIETY DISORDER, UNSPECIFIED",460
CONVERGENT CONCOMITANT STRABISMUS,461
ANAEMIA IN PREGNANCY,462
CEREBRAL INFARCTION,463
HYPOTENSION,464
OTHER CATARACT,465
"ATRIAL FIBRILLATION AND ATRIAL FLUTTER, UNSPECIFIED",466
"PAIN IN LIMB, PELVIC REGION AND THIGH",467
"HYPERPARATHYROIDISM, UNSPECIFIED",468
PNEUMONIA IN DISEASES CLASSIFIED ELSEWHERE,469
FOLLOW-UP EXAMINATION AFTER OTHER TREATMENT FOR OTHER CONDITIONS,470
UNSPECIFIED JAUNDICE,471
FRACTURE OF CLAVICLE,472
"HOOKWORM DISEASE, UNSPECIFIED",473
OPEN WOUND OF OTHER PARTS OF FOOT,474
ABSCESS OF EXTERNAL EAR,475
TRAUMATIC SHOCK,476
DILATED CARDIOMYOPATHY,477
GYNAECOLOGICAL EXAMINATION (GENERAL)(ROUTINE),478
COMPLICATIONS FOLLOWING ABORTION AND ECTOPIC AND MOLAR PREGNANCY,479
"NONINFECTIVE GASTROENTERITIS AND COLITIS, UNSPECIFIED",480
ALLERGIC PURPURA,481
PAEDOPHILIA,482
ACUTE TRANSMURAL MYOCARDIAL INFARCTION OF INFERIOR WALL,483
"BURN OF HIP AND LOWER LIMB, EXCEPT ANKLE AND FOOT",484
"PAIN FOLLOWING INSERTION OF OTHER PROSTHETIC DEVICES, IMPLANTS AND GRAFTS",485
GASTRO-OESOPHAGEAL REFLUX DISEASE WITHOUT OESOPHAGITIS,486
OTHER SPECIFIED URINARY INCONTINENCE,487
STRANGE AND INEXPLICABLE BEHAVIOUR,488
"BUS OCCUPANT INJURED IN COLLISION WITH RAILWAY TRAIN OR RAILWAY VEHICLE, PERSON ON OUTSIDE OF VEHICLE, TRAFFIC ACCIDENT, WHILE RESTING, SLEEPING, EATING OR ENGAGING IN OTHER VITAL ACTIVITIES",489
PYODERMA,490
"UNSPECIFIED SUPERFICIAL INJURY OF LOWER LIMB, LEVEL UNSPECIFIED",491
"CYST OF ORAL REGION, UNSPECIFIED",492
CALCIFIC TENDINITIS,493
OTHER HEARING LOSS,494
EMBOLISM AND THROMBOSIS OF ARTERIES OF LOWER EXTREMITIES,495
BURN OF UNSPECIFIED THICKNESS OF ANKLE AND FOOT,496
SOFT TISSUE DISORDERS IN DISEASES CLASSIFIED ELSEWHERE,497
WOUND INFECTION FOLLOWING A PROCEDURE,498
UNSPECIFIED VISUAL IMPAIRMENT,499
"WOUND INFECTION FOLLOWING A PROCEDURE, NOT ELSEWHERE CLASSIFIED",500
"ASSAULT BY UNSPECIFIED MEANS, UNSPECIFIED PERSON",501
CHRONIC VIRAL HEPATITIS B WITHOUT DELTA-AGENT,502
RETINAL DISORDERS IN DISEASES CLASSIFIED ELSEWHERE,503
OBESITY,504
ACUTE HAEMATOGENOUS OSTEOMYELITIS,505
"TRANSIENT CEREBRAL ISCHAEMIC ATTACK, UNSPECIFIED",506
DIABETES MELLITUS IN PREGNANCY,507
"ANAEMIA IN PREGNANCY, CHILDBIRTH AND THE PUERPERIUM",508
"PACINIAN TUMOUR, MALIGNANT",509
MYOPIA,510
"BIPOLAR AFFECTIVE DISORDER, UNSPECIFIED",511
OTHER SURGICAL FOLLOW-UP CARE,512
GENERALISED SKIN ERUPTION DUE TO DRUGS AND MEDICAMENTS,513
"GANGRENE, NOT ELSEWHERE CLASSIFIED",514
"FRACTURE OF FOOT, UNSPECIFIED",515
"KERATITIS, UNSPECIFIED",516
"SURGICAL FOLLOW-UP CARE, UNSPECIFIED",517
BURN OF OESOPHAGUS,518
"MYALGIA, LOWER LEG",519
FRACTURE OF MIDDLE PHALANX,520
MUMPS,521
BALANITIS IN DISEASES CLASSIFIED ELSEWHERE,522
"UNDESCENDED TESTICLE, UNILATERAL, INGUINAL",523
INJURY OF CONJUNCTIVA AND CORNEAL ABRASION WITHOUT MENTION OF FOREIGN BODY,524
OTHER RESPIRATORY DISORDERS,525
"THYROIDITIS, UNSPECIFIED",526
SPECIAL EPILEPTIC SYNDROMES,527
Factors influeencing health status and contact with health services,528
INTERNAL DERANGEMENT OF KNEE,529
"RHEUMATOID ARTHRITIS, UNSPECIFIED",530
OTHER HYPOTHYROIDISM,531
PRE-ECLAMPSIA,532
DORSALGIA,533
VITAMIN D DEFICIENCY,534
SUPERFICIAL INJURY OF UNSPECIFIED BODY REGION,535
ONYCHOLYSIS,536
WHOOPING COUGH DUE TO BORDETELLA PERTUSSIS,537
"DISORDER OF EAR, UNSPECIFIED",538
"LOCALISED SWELLING, MASS AND LUMP, UPPER LIMB",539
POISONING BY AGENTS PRIMARILY AFFECTING THE GASTROINTESTINAL SYSTEM,540
FOREIGN BODY IN ALIMENTARY TRACT,541
OTHER FORMS OF STOMATITIS,542
STATUS EPILEPTICUS,543
"CEREBRAL INFARCTION, UNSPECIFIED",544
"FRACTURE OF THUMB, PART UNSPECIFIED",545
LABOUR AND DELIVERY AFFECTED BY BREECH PRESENTATION,546
MUCOCELE OF SALIVARY GLAND,547
"MUSCLE STRAIN, LOWER LEG",548
FOREIGN BODY ENTERING INTO OR THROUGH EYE OR NATURAL ORIFICE,549
BLEPHARITIS,550
CELLULITIS OF FINGER,551
BETA THALASSAEMIA,552
HAEMOPTYSIS,553
FOLLOW-UP EXAMINATION AFTER TREATMENT OF FRACTURE,554
"GASTRITIS, UNSPECIFIED, WITH HAEMORRHAGE",555
STATUS ASTHMATICUS,556
IMPETIGO,557
"DRIVER OF ALL-TERRAIN OR OTHER OFF-ROAD MOTOR VEHICLE INJURED IN TRAFFIC ACCIDENT, TWO-WHEELED SPECIAL ALL-TERRAIN OR OTHER OFF-ROAD MOTOR VEHICLE",558
ACUTE INFLAMMATION OF ORBIT,559
CHALAZION,560
SPRAIN AND STRAIN OF SHOULDER JOINT,561
OTALGIA AND EFFUSION OF EAR,562
ABSCESS OF INTESTINE,563
"MUSCLE STRAIN, UPPER ARM",564
"NEURALGIA AND NEURITIS, UNSPECIFIED",565
"HYPOTHYROIDISM, UNSPECIFIED",566
"ABNORMAL FINDINGS IN CEREBROSPINAL FLUID, OTHER ABNORMAL FINDINGS",567
OTHER CONGENITAL DEFORMITIES OF HIP,568
OPEN WOUND OF OTHER AND UNSPECIFIED EXTERNAL GENITAL ORGANS,569
"GASTRODUODENITIS, UNSPECIFIED",570
"PSORIASIS, UNSPECIFIED",571
"CATARACT, UNSPECIFIED",572
GASTRO-OESOPHAGEAL REFLUX DISEASE WITH OESOPHAGITIS,573
"ACCIDENTAL POISONING BY AND EXPOSURE TO OTHER AND UNSPECIFIED CHEMICALS AND NOXIOUS SUBSTANCES, UNSPECIFIED PLACE, WHILE WORKING FOR INCOME",574
"GASTROINTESTINAL HAEMORRHAGE, UNSPECIFIED",575
AMBLYOPIA EX ANOPSIA,576
"YELLOW FEVER, UNSPECIFIED",577
GOUT,578
INFECTION OF TRACHEOSTOMY,579
FEEDING DIFFICULTIES AND MISMANAGEMENT,580
"MALABSORPTION DUE TO INTOLERANCE, NOT ELSEWHERE CLASSIFIED",581
POLYP OF FEMALE GENITAL TRACT,582
BIRTH TRAUMA TO FACE,583
"TRAUMATIC ARTHROPATHY, MULTIPLE SITES",584
OTHER NONINFECTIVE GASTROENTERITIS AND COLITIS,585
"RHEUMATOID ARTHRITIS, UNSPECIFIED, FOREARM",586
"INSULIN-DEPENDENT DIABETES MELLITUS WITH KETOACIDOSIS, NOT STATED AS UNCONTROLLED",587
SYSTEMIC LUPUS ERYTHEMATOSUS,588
"CUTANEOUS ABSCESS, FURUNCLE AND CARBUNCLE OF FOOT",589
CELLULITIS OF TOE,590
"MUSCLE STRAIN, HAND",591
"INHALATION AND INGESTION OF FOOD CAUSING OBSTRUCTION OF RESPIRATORY TRACT, HOME, DURING UNSPECIFIED ACTIVITY",592
MENINGITIS DUE TO OTHER AND UNSPECIFIED CAUSES,593
INSECT BITE OF FOREARM,594
"FUNCTIONAL INTESTINAL DISORDER, UNSPECIFIED",595
LOCALISED OEDEMA,596
"LOCALISED SWELLING, MASS AND LUMP, TRUNK",597
UNSPECIFIED INJURY OF WRIST AND HAND,598
"DISORDER RESULTING FROM IMPAIRED RENAL TUBULAR FUNCTION, UNSPECIFIED",599
INJURY OF MUSCLE AND TENDON AT NECK LEVEL,600
BENIGN LIPOMATOUS NEOPLASM,601
TRIGEMINAL NEURALGIA,602
HAEMORRHOIDS,603
CHRONIC RHINITIS,604
"ABRASION OF LOWER LIMB, LEVEL UNSPECIFIED",605
ACCIDENTAL POISONING BY AND EXPOSURE TO OTHER AND UNSPECIFIED CHEMICALS AND NOXIOUS SUBSTANCES,606
VIRAL WARTS,607
FRACTURE OF SHAFT OF TIBIA,608
ACUTE ATOPIC CONJUNCTIVITIS,609
"HAEMORRHAGE, NOT ELSEWHERE CLASSIFIED",610
THALASSAEMIA,611
"ACQUIRED DEFORMITY OF LIMB, UNSPECIFIED, HAND",612
"SPECIAL EXAMINATION, UNSPECIFIED",613
OTHER ULCERATIVE COLITIS,614
"HEREDITARY HAEMOLYTIC ANAEMIA, UNSPECIFIED",615
END-STAGE RENAL DISEASE,616
"CHRONIC DISEASE OF TONSILS AND ADENOIDS, UNSPECIFIED",617
CARDIAC MURMURS AND OTHER CARDIAC SOUNDS,618
OTHER AND UNSPECIFIED INJURIES OF HEAD,619
"OTITIS EXTERNA, UNSPECIFIED",620
"NONTOXIC GOITRE, UNSPECIFIED",621
SUPERFICIAL INJURY OF NOSE,622
ACQUIRED TUFTED HAEMANGIOMA,623
OTHER SPECIFIED NONTOXIC GOITRE,624
"INTERSTITIAL PULMONARY DISEASE, UNSPECIFIED",625
"HYPOSPADIAS, PENILE",626
PSORIASIS VULGARIS,627
CORNEAL SCARS AND OPACITIES,628
CONTUSION OF ANKLE,629
DENTAL EXAMINATION,630
FRACTURE OF LOWER END OF HUMERUS,631
EXOPHTHALMIC CONDITIONS,632
CRUSHING INJURY OF TOE(S),633
"DISORDER OF THYROID, UNSPECIFIED",634
ANGINA PECTORIS,635
CHRONIC PHARYNGITIS,636
ANOSMIA,637
CONTINUING PREGNANCY AFTER ABORTION OF ONE FETUS OR MORE,638
DYSPHONIA,639
SUPERFICIAL INJURY OF WRIST AND HAND,640
"BURN OF SHOULDER AND UPPER LIMB, EXCEPT WRIST AND HAND",641
SPRAIN AND STRAIN OF WRIST,642
INFECTION OF OBSTETRIC SURGICAL WOUND,643
HEREDITARY SPHEROCYTOSIS,644
FALL FROM BUMPING AGAINST OBJECT,645
"DISORDER OF SKIN AND SUBCUTANEOUS TISSUE, UNSPECIFIED",646
ASCITES,647
"LOCALISED SWELLING, MASS AND LUMP OF SKIN AND SUBCUTANEOUS TISSUE",648
CHRONIC SEROUS OTITIS MEDIA,649
"LEUKAEMIA, UNSPECIFIED",650
ACUTE MASTOIDITIS,651
SCAR CONDITIONS AND FIBROSIS OF SKIN,652
PANIC DISORDER [EPISODIC PAROXYSMAL ANXIETY],653
PULMONARY EMBOLISM,654
"ADENOMATOUS TUMOUR WITH MIXED SUBTYPES, UNCERTAIN WHETHER BENIGN OR MALIGNANT",655
CONVALESCENCE FOLLOWING PSYCHOTHERAPY,656
"PAIN IN LIMB, FOREARM",657
"COUNSELLING, UNSPECIFIED",658
POSTERIOR DISLOCATION OF HUMERUS,659
ACUTE PAIN,660
VARICELLA [CHICKENPOX],661
"ABNORMAL FINDINGS IN SPECIMENS FROM DIGESTIVE ORGANS AND ABDOMINAL CAVITY, UNSPECIFIED ABNORMAL FINDING",662
